file, opt
b01.stp, 82
b02.stp, 83
b03.stp, 138
b04.stp, 59
b05.stp, 61
b06.stp, 122
b07.stp, 111
b08.stp, 104
b09.stp, 220
b10.stp, 86
b11.stp, 88
b12.stp, 174
b13.stp, 165
b14.stp, 235
b15.stp, 318
b16.stp, 127
b17.stp, 131
b18.stp, 218
